JASPAR ID	Name	PFM	TFclass	family	collection	taxon	species	dataType	validation	uniprotID	source	comment	dict_info	sequence
MA0239.2	prd	A:[10,1,4,20,21,0,7,0,]C:[4,4,2,0,0,21,5,0,]G:[0,14,2,0,0,0,3,21,]T:[7,2,13,1,0,0,6,0,]	Paired box factors		CORE	Insects	Drosophila Melanogaster	bacterial 1-hybrid	16041365					AGTAACAG
MA0139.1	CTCF	A:[87,167,281,56,8,744,40,107,851,5,333,54,12,56,104,372,82,117,402,]C:[291,145,49,800,903,13,528,433,11,0,3,12,0,8,733,13,482,322,181,]G:[76,414,449,21,0,65,334,48,32,903,566,504,890,775,5,507,307,73,266,]T:[459,187,134,36,2,91,11,324,18,3,9,341,8,71,67,17,37,396,59,]	C2H2 zinc finger factors	More than 3 adjacent zinc fingers	CORE	Vertebrates	Homo Sapiens	ChIP-seq	17512414	P49711				TGGCCACCAGGGGGCGCTA
MA0001.1	AGL3	A:[0,3,79,40,66,48,65,11,65,0,]C:[94,75,4,3,1,2,5,2,3,3,]G:[1,0,3,4,1,0,5,3,28,88,]T:[2,19,11,50,29,47,22,81,1,6,]	MADS box factors	MIKC	CORE	Plants	Arabidopsis thaliana	SELEX	7632923					CCATAAATAG
MA0002.2	Runx1	A:[287,234,123,57,0,87,0,17,10,131,500,]C:[496,485,1072,0,75,127,0,42,400,463,158,]G:[696,467,149,7,1872,70,1987,1848,251,81,289,]T:[521,814,656,1936,53,1716,13,93,1339,1325,1053,]	Runt domain factors	Runt domain factors	CORE	Vertebrates	Mus musculus	ChIP-seq	8413232					GTCTGTGGTTT
MA0018.2	CREB1	A:[0,0,11,0,1,0,2,8,]C:[1,1,0,9,0,3,7,0,]G:[1,10,0,2,10,0,1,1,]T:[9,0,0,0,0,8,1,2,]	Basic leucine zipper factors (bZIP)	CREB-related factors	CORE	Vertebrates	Homo sapiens,Mus musculus,Rattus norvegicus	COMPILED	17916232	P16220				TGACGTCA
MA0082.2	squamosa	A:[11,0,24,16,23,17,24,8,14,1,14,25,21,]C:[14,22,0,2,0,0,1,0,1,1,5,5,2,]G:[1,0,4,1,0,0,0,1,15,28,1,0,3,]T:[4,8,2,11,7,13,5,21,0,0,10,0,4,]	MADS box factors	Type II	Core	Plants	Antirrhinum majus		9826749					CCAAAAATGGAAA
MA0005.1	AG	A:[0,2,38,61,73,31,23,20,22,1,27,]C:[87,86,9,5,1,3,16,13,0,0,25,]G:[2,0,7,2,1,4,17,26,64,82,9,]T:[1,2,36,22,15,52,34,31,4,7,29,]	MADS box factors	MIKC		plants		SELEX	7901838					CCAAATTTGGT
MA0006.1	Ahr::Arnt	A:[3,0,0,0,0,0,]C:[8,0,23,0,0,0,]G:[2,23,0,23,0,24,]T:[11,1,1,1,24,0,]	Basic helix-loop-helix factors (bHLH); Basic helix-loop-helix factors (bHLH)	PAS domain factors; PAS domain factors		vertebrates		SELEX	7592839					TGCGTG
MA0010.1	br	A:[3,1,5,7,3,6,4,7,1,9,8,5,4,2,]C:[1,1,2,0,0,0,1,0,8,0,0,0,0,3,]G:[4,1,1,1,0,0,4,1,0,0,1,3,0,2,]T:[1,6,1,1,6,3,0,1,0,0,0,1,5,2,]	C2H2 zinc finger factors	Other factors with up to three adjacent zinc fingers		insects		COMPILED	8062827					GTAATAAACAAATC
MA1001.1	ERF11	A:[206,213,109,25,145,131,190,258,424,276,]C:[313,494,0,835,704,10,383,490,162,196,]G:[316,123,887,55,51,828,154,77,181,204,]T:[165,169,4,85,99,31,273,175,233,324,]	AP2/EREBP	ERF/DREB		plants		PBM	9756931					GCGCCGCCAT
MA0003.1	TFAP2A	A:[0,0,0,22,19,55,53,19,9,]C:[0,185,185,71,57,44,30,16,78,]G:[185,0,0,46,61,67,91,137,79,]T:[0,0,0,46,48,19,11,13,19,]	Basic helix-span-helix factors (bHSH)	AP-2		vertebrates		SELEX	16420676					GCCCGGGGG
MA0404.1	TBS1	A:[12,3,2,75,20,0,0,8,]C:[78,3,2,8,13,100,100,8,]G:[5,90,95,8,13,0,0,75,]T:[5,3,2,8,53,0,0,8,]	C6 zinc cluster factors		CORE	fungi	Saccharomyces cerevisiae	PBM, CSA and/or DIP-chip	19111667					CGGATCCG
MA0666.1	MSX1	A:[461,82,3073,3073,0,63,3073,855,]C:[1324,2117,332,107,0,205,118,814,]G:[787,33,139,0,31,251,105,945,]T:[501,956,16,0,3073,3073,91,460,]	Homeo domain factors	NK	CORE	vertebrates	Homo sapiens	HT-SELEX	18585359	P28360	23332764			CCAATTAG
MA0090.1	TEAD1	A:[1,9,0,12,0,0,0,0,5,1,2,0,]C:[6,0,12,0,0,0,12,11,0,7,4,2,]G:[1,3,0,0,0,0,0,0,0,4,3,8,]T:[4,0,0,0,12,12,0,1,7,0,3,2,]	TEA domain factors	TEF-1-related factors	CORE	vertebrates	Homo sapiens	COMPILED	9571041					CACATTCCTCCG
MA0987.1	PHYPADRAFT_1	A:[243,302,396,888,892,715,72,182,271,280,]C:[266,215,111,43,46,205,22,258,193,218,]G:[253,260,173,10,1,28,839,229,271,272,]T:[238,222,321,60,61,52,67,331,265,229,]	Other C4 zinc finger-type factors	DOF		plants		PBM	10758479					CAAAAAGTAA
MA0600.1	RFX2	A:[373,62,192,431,34,1,1567,164,581,193,214,2095,2312,0,760,588,406,585,620,]C:[141,184,736,317,1936,2162,432,222,0,5,1932,8,0,2294,784,403,831,630,668,]G:[1716,317,64,910,121,7,41,94,1765,2146,0,170,28,0,539,1178,733,761,678,]T:[116,1783,1354,688,255,176,306,1866,0,2,200,73,6,52,263,177,376,370,380,]	Fork head/winged helix factors	RFX-related factors	CORE	vertebrates	Homo sapiens	ChIP-seq	8754849	P48378				GTTGCCATGGCAACCGCGG
MA0011.1	br	A:[3,5,0,0,12,1,2,1,]C:[1,2,10,1,0,1,0,2,]G:[1,1,0,0,0,2,1,1,]T:[7,4,2,11,0,8,9,8,]	C2H2 zinc finger factors	Other factors with up to three adjacent zinc fingers	CORE	insects	Drosophila melanogaster	COMPILED	8062827	Q01295				TACTATTT
MA0053.1	MNB1A	A:[15,15,15,0,3,]C:[0,0,0,0,9,]G:[0,0,0,15,0,]T:[0,0,0,0,3,]	Other C4 zinc finger-type factors	DOF	CORE	plants	Zea mays	SELEX	10074718					AAAGC
MA0762.1	ETV2	A:[1184,1184,57,116,0,0,1184,1184,846,18,742,]C:[251,10,1184,1184,0,0,0,1,2,440,161,]G:[398,23,109,3,1184,1184,0,0,337,66,441,]T:[369,5,0,0,0,0,0,143,0,1184,231,]	Tryptophan cluster factors	Ets-related		vertebrates		HT-SELEX	20517297					AACCGGAAATA
MA0033.1	FOXL1	A:[7,10,6,13,4,21,0,22,]C:[1,4,3,4,10,0,2,1,]G:[4,2,6,4,2,2,0,0,]T:[11,7,8,2,7,0,21,0,]	Fork head/winged helix factors	FOX		vertebrates		SELEX	7957066	Q12952				TATACATA
MA0022.1	dl	A:[0,0,0,0,1,1,1,0,0,1,1,3,]C:[5,0,1,0,1,0,0,0,3,9,9,5,]G:[6,12,11,10,3,2,0,0,0,0,1,5,]T:[2,1,1,3,8,10,12,13,10,3,2,0,]	Rel homology region (RHR) factors			insects		SELEX	1582412					GGGGTTTTTCCC
MA0035.1	Gata1	A:[13,0,50,1,13,6,]C:[14,0,2,0,6,16,]G:[15,53,0,1,25,22,]T:[11,0,1,51,9,9,]	Other C4 zinc finger-type factors	C4-GATA-related		vertebrates		SELEX	8321207	P17679				GGATGG
MA0659.1	MAFG	A:[2026,2191,1875,1426,347,35,546,405,306,3773,487,332,728,3845,141,14,3566,1550,1907,1866,1295,]C:[552,320,579,824,1054,63,4775,480,161,215,2340,92,4731,110,21,5143,91,892,430,470,852,]G:[881,479,526,1086,129,5729,9,133,5400,84,2637,386,201,506,5390,129,1135,752,676,427,575,]T:[1134,1524,1643,1485,4653,15,156,4965,783,299,514,4924,341,396,510,59,375,1569,1646,1886,2092,]	Basic leucine zipper factors (bZIP)	Maf-related		vertebrates		HT-SELEX	9224592	O15525				AAATTGCTGAGTCAGCATATT
MA0333.1	MET31	A:[38,20,14,0,0,0,0,0,10,]C:[10,28,14,0,0,0,0,100,0,]G:[38,30,18,100,0,100,100,0,69,]T:[15,20,55,0,100,0,0,0,20,]	C2H2 zinc finger factors			fungi		PBM, CSA and/or DIP-chip	19111667	Q03081				AGTGTGGCG
MA0123.1	abi4	A:[0,12,0,0,1,0,5,3,3,4,]C:[49,0,20,23,3,45,28,25,31,26,]G:[0,37,29,1,45,4,6,11,5,7,]T:[0,0,0,25,0,0,10,10,10,12,]	AP2/EREBP	ERF/DREB		plants		SELEX	12368505	Q8L7W9				CGGTGCCCCC
MA0499.1	Myod1	A:[6862,4142,0,24353,0,0,0,0,9,16,5861,1913,4129,]C:[5589,6513,24514,0,6423,24514,0,0,9087,11010,7591,11622,7657,]G:[5003,11000,0,0,18072,0,0,24514,654,2905,5945,4319,4423,]T:[7060,2859,0,161,19,0,24514,0,14764,10583,5117,6660,8305,]	Basic helix-loop-helix factors (bHLH)	MyoD/ASC-related factors		vertebrates		ChIP-seq	20412780	P10085				TGCAGCTGTCCCT
MA0038.1	Gfi1	A:[9,28,53,53,1,1,31,8,19,7,]C:[20,16,0,0,0,52,7,28,11,13,]G:[9,7,0,0,1,0,2,11,2,28,]T:[15,2,0,0,51,0,13,6,21,5,]	C2H2 zinc finger factors	More than 3 adjacent zinc fingers		vertebrates		SELEX	8754800	Q07120				CAAATCACTG
